N,Iterative,Dynamic Programming,Recursive
1,0,0,0
3,1,2,3
5,3,4,14
7,5,6,46
9,7,8,133
11,9,10,364
13,11,12,972
15,13,14,2567
17,15,16,6746
19,17,18,17690
21,19,20,46345
23,21,22,121368
25,23,24,317784
27,25,26,832011
29,27,28,2178278
31,29,30,5702854
33,31,32,14930317
35,33,34,39088132
37,35,36,102334116
39,37,38,267914255
41,39,40,701408690
43,41,42,1836311858
45,43,44,4807526929
47,45,46,12586268976
49,47,48,-
51,49,50,-
53,51,52,-
55,53,54,-
57,55,56,-
59,57,58,-
61,59,60,-
63,61,62,-
65,63,64,-
67,65,66,-
69,67,68,-
71,69,70,-
73,71,72,-
75,73,74,-
77,75,76,-
79,77,78,-
81,79,80,-
83,81,82,-
85,83,84,-
87,85,86,-
89,87,88,-
91,89,90,-
93,91,92,-
95,93,94,-
97,95,96,-
99,97,98,-
101,99,100,-
103,101,102,-
105,103,104,-
107,105,106,-
109,107,108,-
111,109,110,-
113,111,112,-
115,113,114,-
117,115,116,-
119,117,118,-
121,119,120,-
123,121,122,-
125,123,124,-
127,125,126,-
129,127,128,-
131,129,130,-
133,131,132,-
135,133,134,-
137,135,136,-
139,137,138,-
141,139,140,-
143,141,142,-
145,143,144,-
147,145,146,-
149,147,148,-
151,149,150,-
153,151,152,-
155,153,154,-
157,155,156,-
159,157,158,-
161,159,160,-
163,161,162,-
165,163,164,-
167,165,166,-
169,167,168,-
171,169,170,-
173,171,172,-
175,173,174,-
177,175,176,-
179,177,178,-
181,179,180,-
183,181,182,-
185,183,184,-
187,185,186,-
189,187,188,-
191,189,190,-
193,191,192,-
195,193,194,-
197,195,196,-
199,197,198,-
201,199,200,-
203,201,202,-
205,203,204,-
207,205,206,-
209,207,208,-
211,209,210,-
213,211,212,-
215,213,214,-
217,215,216,-
219,217,218,-
221,219,220,-
223,221,222,-
225,223,224,-
227,225,226,-
229,227,228,-
231,229,230,-
233,231,232,-
235,233,234,-
237,235,236,-
239,237,238,-
241,239,240,-
243,241,242,-
245,243,244,-
247,245,246,-
249,247,248,-
251,249,250,-
253,251,252,-
255,253,254,-
257,255,256,-
259,257,258,-
261,259,260,-
263,261,262,-
265,263,264,-
267,265,266,-
269,267,268,-
271,269,270,-
273,271,272,-
275,273,274,-
277,275,276,-
279,277,278,-
281,279,280,-
283,281,282,-
285,283,284,-
287,285,286,-
289,287,288,-
291,289,290,-
293,291,292,-
295,293,294,-
297,295,296,-
299,297,298,-
301,299,300,-
303,301,302,-
305,303,304,-
307,305,306,-
309,307,308,-
311,309,310,-
313,311,312,-
315,313,314,-
317,315,316,-
319,317,318,-
321,319,320,-
323,321,322,-
325,323,324,-
327,325,326,-
329,327,328,-
331,329,330,-
333,331,332,-
335,333,334,-
337,335,336,-
339,337,338,-
341,339,340,-
343,341,342,-
345,343,344,-
347,345,346,-
349,347,348,-
351,349,350,-
353,351,352,-
355,353,354,-
357,355,356,-
359,357,358,-
361,359,360,-
363,361,362,-
365,363,364,-
367,365,366,-
369,367,368,-
371,369,370,-
373,371,372,-
375,373,374,-
377,375,376,-
379,377,378,-
381,379,380,-
383,381,382,-
385,383,384,-
387,385,386,-
389,387,388,-
391,389,390,-
393,391,392,-
395,393,394,-
397,395,396,-
399,397,398,-
401,399,400,-
403,401,402,-
405,403,404,-
407,405,406,-
409,407,408,-
411,409,410,-
413,411,412,-
415,413,414,-
417,415,416,-
419,417,418,-
421,419,420,-
423,421,422,-
425,423,424,-
427,425,426,-
429,427,428,-
431,429,430,-
433,431,432,-
435,433,434,-
437,435,436,-
439,437,438,-
441,439,440,-
443,441,442,-
445,443,444,-
447,445,446,-
449,447,448,-
451,449,450,-
453,451,452,-
455,453,454,-
457,455,456,-
459,457,458,-
461,459,460,-
463,461,462,-
465,463,464,-
467,465,466,-
469,467,468,-
471,469,470,-
473,471,472,-
475,473,474,-
477,475,476,-
479,477,478,-
481,479,480,-
483,481,482,-
485,483,484,-
487,485,486,-
489,487,488,-
491,489,490,-
493,491,492,-
495,493,494,-
497,495,496,-
499,497,498,-
501,499,500,-
503,501,502,-
505,503,504,-
507,505,506,-
509,507,508,-
511,509,510,-
513,511,512,-
515,513,514,-
517,515,516,-
519,517,518,-
521,519,520,-
523,521,522,-
525,523,524,-
527,525,526,-
529,527,528,-
531,529,530,-
533,531,532,-
535,533,534,-
537,535,536,-
539,537,538,-
541,539,540,-
543,541,542,-
545,543,544,-
547,545,546,-
549,547,548,-
551,549,550,-
553,551,552,-
555,553,554,-
557,555,556,-
559,557,558,-
561,559,560,-
563,561,562,-
565,563,564,-
567,565,566,-
569,567,568,-
571,569,570,-
573,571,572,-
575,573,574,-
577,575,576,-
579,577,578,-
581,579,580,-
583,581,582,-
585,583,584,-
587,585,586,-
589,587,588,-
591,589,590,-
593,591,592,-
595,593,594,-
597,595,596,-
599,597,598,-
601,599,600,-
603,601,602,-
605,603,604,-
607,605,606,-
609,607,608,-
611,609,610,-
613,611,612,-
615,613,614,-
617,615,616,-
619,617,618,-
621,619,620,-
623,621,622,-
625,623,624,-
627,625,626,-
629,627,628,-
631,629,630,-
633,631,632,-
635,633,634,-
637,635,636,-
639,637,638,-
641,639,640,-
643,641,642,-
645,643,644,-
647,645,646,-
649,647,648,-
651,649,650,-
653,651,652,-
655,653,654,-
657,655,656,-
659,657,658,-
661,659,660,-
663,661,662,-
665,663,664,-
667,665,666,-
669,667,668,-
671,669,670,-
673,671,672,-
675,673,674,-
677,675,676,-
679,677,678,-
681,679,680,-
683,681,682,-
685,683,684,-
687,685,686,-
689,687,688,-
691,689,690,-
693,691,692,-
695,693,694,-
697,695,696,-
699,697,698,-
701,699,700,-
703,701,702,-
705,703,704,-
707,705,706,-
709,707,708,-
711,709,710,-
713,711,712,-
715,713,714,-
717,715,716,-
719,717,718,-
721,719,720,-
723,721,722,-
725,723,724,-
727,725,726,-
729,727,728,-
731,729,730,-
733,731,732,-
735,733,734,-
737,735,736,-
739,737,738,-
741,739,740,-
743,741,742,-
745,743,744,-
747,745,746,-
749,747,748,-
751,749,750,-
753,751,752,-
755,753,754,-
757,755,756,-
759,757,758,-
761,759,760,-
763,761,762,-
765,763,764,-
767,765,766,-
769,767,768,-
771,769,770,-
773,771,772,-
775,773,774,-
777,775,776,-
779,777,778,-
781,779,780,-
783,781,782,-
785,783,784,-
787,785,786,-
789,787,788,-
791,789,790,-
793,791,792,-
795,793,794,-
797,795,796,-
799,797,798,-
801,799,800,-
803,801,802,-
805,803,804,-
807,805,806,-
809,807,808,-
811,809,810,-
813,811,812,-
815,813,814,-
817,815,816,-
819,817,818,-
821,819,820,-
823,821,822,-
825,823,824,-
827,825,826,-
829,827,828,-
831,829,830,-
833,831,832,-
835,833,834,-
837,835,836,-
839,837,838,-
841,839,840,-
843,841,842,-
845,843,844,-
847,845,846,-
849,847,848,-
851,849,850,-
853,851,852,-
855,853,854,-
857,855,856,-
859,857,858,-
861,859,860,-
863,861,862,-
865,863,864,-
867,865,866,-
869,867,868,-
871,869,870,-
873,871,872,-
875,873,874,-
877,875,876,-
879,877,878,-
881,879,880,-
883,881,882,-
885,883,884,-
887,885,886,-
889,887,888,-
891,889,890,-
893,891,892,-
895,893,894,-
897,895,896,-
899,897,898,-
901,899,900,-
903,901,902,-
905,903,904,-
907,905,906,-
909,907,908,-
911,909,910,-
913,911,912,-
915,913,914,-
917,915,916,-
919,917,918,-
921,919,920,-
923,921,922,-
925,923,924,-
927,925,926,-
929,927,928,-
931,929,930,-
933,931,932,-
935,933,934,-
937,935,936,-
939,937,938,-
941,939,940,-
943,941,942,-
945,943,944,-
947,945,946,-
949,947,948,-
951,949,950,-
953,951,952,-
955,953,954,-
957,955,956,-
959,957,958,-
961,959,960,-
963,961,962,-
965,963,964,-
967,965,966,-
969,967,968,-
971,969,970,-
973,971,972,-
975,973,974,-
977,975,976,-
979,977,978,-
981,979,980,-
983,981,982,-
985,983,984,-
987,985,986,-
989,987,988,-
991,989,990,-
993,991,992,-
995,993,994,-
997,995,996,-
999,997,998,-
